4000445116300-01_N95-2592x1944_scaledTo640x480bilinear,0.3671875,0.322916666666667,0.684375,0.629166666666667,0
4000400139672-01_N95-2592x1944_scaledTo640x480bilinear,0.3375,0.325,0.7328125,0.614583333333333,0
4000196015112-01_N95-2592x1944_scaledTo640x480bilinear,0.328125,0.352083333333333,0.696875,0.579166666666667,0
4000400037947-01_N95-2592x1944_scaledTo640x480bilinear,0.3296875,0.341666666666667,0.65625,0.579166666666667,0
4000492002496-01_N95-2592x1944_scaledTo640x480bilinear,0.3640625,0.310416666666667,0.6796875,0.616666666666667,0
3600540365576-02_N95-2592x1944_scaledTo640x480bilinear,0.3265625,0.33125,0.684375,0.602083333333333,0
4000445004522-01_N95-2592x1944_scaledTo640x480bilinear,0.3203125,0.335416666666667,0.7359375,0.647916666666667,0
3261080112428-01_N95-2592x1944_scaledTo640x480bilinear,0.3984375,0.379166666666667,0.6359375,0.49375,0
2007001572312-02_N95-2592x1944_scaledTo640x480bilinear,0.334375,0.289583333333333,0.703125,0.633333333333333,0
4000400109705-01_N95-2592x1944_scaledTo640x480bilinear,0.2921875,0.345833333333333,0.740625,0.610416666666667,0
2003889393001-01_N95-2592x1944_scaledTo640x480bilinear,0.3578125,0.314583333333333,0.7015625,0.654166666666667,0
4000515007125-01_N95-2592x1944_scaledTo640x480bilinear,0.3578125,0.3125,0.684375,0.61875,0
4000339036721-01_N95-2592x1944_scaledTo640x480bilinear,0.3625,0.389583333333333,0.7078125,0.664583333333333,0
4000196016447-01_N95-2592x1944_scaledTo640x480bilinear,0.3171875,0.310416666666667,0.6703125,0.55,0
3165950077018-01_N95-2592x1944_scaledTo640x480bilinear,0.3296875,0.34375,0.678125,0.591666666666667,0
4000293001278-01_N95-2592x1944_scaledTo640x480bilinear,0.4171875,0.26875,0.6796875,0.714583333333333,0
3574660322590-01_N95-2592x1944_scaledTo640x480bilinear,0.3390625,0.3375,0.6390625,0.622916666666667,0
2003890463007-01_N95-2592x1944_scaledTo640x480bilinear,0.328125,0.304166666666667,0.65625,0.579166666666667,0
4000339457823-01_N95-2592x1944_scaledTo640x480bilinear,0.4140625,0.272916666666667,0.6375,0.760416666666667,0
4000400130792-01_N95-2592x1944_scaledTo640x480bilinear,0.2859375,0.310416666666667,0.684375,0.677083333333333,0
4000290001004-01_N95-2592x1944_scaledTo640x480bilinear,0.3234375,0.266666666666667,0.6984375,0.616666666666667,0
4000400002945-01_N95-2592x1944_scaledTo640x480bilinear,0.3765625,0.372916666666667,0.6921875,0.589583333333333,0
3600520982724-01_N95-2592x1944_scaledTo640x480bilinear,0.325,0.3,0.709375,0.635416666666667,0
2210187003598-01_N95-2592x1944_scaledTo640x480bilinear,0.3546875,0.335416666666667,0.6203125,0.55,0
4000508045752-01_N95-2592x1944_scaledTo640x480bilinear,0.3453125,0.352083333333333,0.6890625,0.570833333333333,0
3600540365576-01_N95-2592x1944_scaledTo640x480bilinear,0.4375,0.272916666666667,0.64375,0.714583333333333,0
4000445000838-01_N95-2592x1944_scaledTo640x480bilinear,0.2984375,0.364583333333333,0.7203125,0.525,0
4000400181121-01_N95-2592x1944_scaledTo640x480bilinear,0.3703125,0.354166666666667,0.65,0.53125,0
4000417106001-01_N95-2592x1944_scaledTo640x480bilinear,0.3875,0.1875,0.6609375,0.689583333333333,0
4000400009012-01_N95-2592x1944_scaledTo640x480bilinear,0.3484375,0.425,0.671875,0.58125,0
2000354891802-02_N95-2592x1944_scaledTo640x480bilinear,0.2265625,0.460416666666667,0.7640625,0.564583333333333,0
4000159545014-01_N95-2592x1944_scaledTo640x480bilinear,0.3359375,0.35625,0.640625,0.539583333333333,0
3600520825601-02_N95-2592x1944_scaledTo640x480bilinear,0.3921875,0.30625,0.578125,0.766666666666667,0
4000159545014-02_N95-2592x1944_scaledTo640x480bilinear,0.3046875,0.335416666666667,0.7203125,0.54375,0
4000269101247-01_N95-2592x1944_scaledTo640x480bilinear,0.35625,0.375,0.6703125,0.522916666666667,0
4000501382069-01_N95-2592x1944_scaledTo640x480bilinear,0.3953125,0.364583333333333,0.659375,0.520833333333333,0
4000602004501-01_N95-2592x1944_scaledTo640x480bilinear,0.346875,0.314583333333333,0.6640625,0.522916666666667,0
3179732353542-01_N95-2592x1944_scaledTo640x480bilinear,0.353125,0.402083333333333,0.715625,0.595833333333333,0
4000339057726-01_N95-2592x1944_scaledTo640x480bilinear,0.3625,0.3625,0.64375,0.504166666666667,0
2007001857297-01_N95-2592x1944_scaledTo640x480bilinear,0.3453125,0.333333333333333,0.6671875,0.6375,0
3600520825700-01_N95-2592x1944_scaledTo640x480bilinear,0.41875,0.25,0.625,0.727083333333333,0
4000286216979-01_N95-2592x1944_scaledTo640x480bilinear,0.3671875,0.345833333333333,0.6921875,0.56875,0
4000582500093-01_N95-2592x1944_scaledTo640x480bilinear,0.3515625,0.327083333333333,0.6671875,0.570833333333333,0
4000503141305-01_N95-2592x1944_scaledTo640x480bilinear,0.35,0.364583333333333,0.61875,0.520833333333333,0
4000869060098-01_N95-2592x1944_scaledTo640x480bilinear,0.309375,0.164583333333333,0.69375,0.708333333333333,0
4000492502415-01_N95-2592x1944_scaledTo640x480bilinear,0.1046875,0.279166666666667,0.8484375,0.71875,0
0282925037198-01_N95-2592x1944_scaledTo640x480bilinear,0.0125,0.841666666666667,0.5125,0.977083333333333,0
4000869042056-01_N95-2592x1944_scaledTo640x480bilinear,0.3484375,0.345833333333333,0.7234375,0.564583333333333,0
3574660036671-01_N95-2592x1944_scaledTo640x480bilinear,0.35625,0.335416666666667,0.6515625,0.560416666666667,0
3394150018020-01_N95-2592x1944_scaledTo640x480bilinear,0.365625,0.385416666666667,0.646875,0.535416666666667,0
2007001886419-01_N95-2592x1944_scaledTo640x480bilinear,0.3640625,0.23125,0.6421875,0.73125,0
2007001491347-01_N95-2592x1944_scaledTo640x480bilinear,0.371875,0.329166666666667,0.6375,0.579166666666667,0
4000388175303-01_N95-2592x1944_scaledTo640x480bilinear,0.3640625,0.3375,0.6765625,0.614583333333333,0
4000400002150-01_N95-2592x1944_scaledTo640x480bilinear,0.3765625,0.172916666666667,0.6515625,0.664583333333333,0
3121040021132-01_N95-2592x1944_scaledTo640x480bilinear,0.3125,0.277083333333333,0.734375,0.664583333333333,0
3083680012294-01_N95-2592x1944_scaledTo640x480bilinear,0.3453125,0.333333333333333,0.678125,0.535416666666667,0
2303633006639-01_N95-2592x1944_scaledTo640x480bilinear,0.38125,0.379166666666667,0.6046875,0.49375,0
4000576484736-01_N95-2592x1944_scaledTo640x480bilinear,0.3703125,0.389583333333333,0.7171875,0.5375,0
3165950308150-01_N95-2592x1944_scaledTo640x480bilinear,0.3875,0.383333333333333,0.6796875,0.583333333333333,0
4000516800046-01_N95-2592x1944_scaledTo640x480bilinear,0.44375,0.28125,0.571875,0.7625,0
2000271224486-01_N95-2592x1944_scaledTo640x480bilinear,0.5,0.18125,0.6046875,0.858333333333333,0
2200458003693-01_N95-2592x1944_scaledTo640x480bilinear,0.48125,0.69375,0.7578125,0.864583333333333,0
4000286003494-01_N95-2592x1944_scaledTo640x480bilinear,0.3703125,0.35625,0.6890625,0.585416666666667,0
3574660026948-01_N95-2592x1944_scaledTo640x480bilinear,0.453125,0.258333333333333,0.615625,0.695833333333333,0
3123931423032-01_N95-2592x1944_scaledTo640x480bilinear,0.390625,0.36875,0.6046875,0.570833333333333,0
4000492512476-01_N95-2592x1944_scaledTo640x480bilinear,0.340625,0.379166666666667,0.6625,0.591666666666667,0
4000188151736-01_N95-2592x1944_scaledTo640x480bilinear,0.340625,0.229166666666667,0.721875,0.720833333333333,0
2875408029247-01_N95-2592x1944_scaledTo640x480bilinear,0.4,0.0770833333333333,0.6265625,0.84375,0
4000515001017-01_N95-2592x1944_scaledTo640x480bilinear,0.371875,0.4,0.7,0.560416666666667,0
3057640182693-01_N95-2592x1944_scaledTo640x480bilinear,0.3109375,0.370833333333333,0.7078125,0.585416666666667,0
3574660283020-01_N95-2592x1944_scaledTo640x480bilinear,0.4046875,0.272916666666667,0.61875,0.695833333333333,0
4000602150017-01_N95-2592x1944_scaledTo640x480bilinear,0.3703125,0.216666666666667,0.6171875,0.747916666666667,0
2216005000756-01_N95-2592x1944_scaledTo640x480bilinear,0.371875,0.347916666666667,0.65,0.547916666666667,0
4000516011053-01_N95-2592x1944_scaledTo640x480bilinear,0.45625,0.25625,0.571875,0.772916666666667,0
3181731140009-02_N95-2592x1944_scaledTo640x480bilinear,0.3421875,0.358333333333333,0.6859375,0.58125,0
2007002127672-01_N95-2592x1944_scaledTo640x480bilinear,0.365625,0.31875,0.7109375,0.64375,0
4000602002323-01_N95-2592x1944_scaledTo640x480bilinear,0.3875,0.260416666666667,0.615625,0.752083333333333,0
4000492501418-01_N95-2592x1944_scaledTo640x480bilinear,0.2953125,0.297916666666667,0.76875,0.58125,0
4000400037541-01_N95-2592x1944_scaledTo640x480bilinear,0.309375,0.339583333333333,0.678125,0.645833333333333,0
2007002006250-01_N95-2592x1944_scaledTo640x480bilinear,0.3390625,0.314583333333333,0.68125,0.629166666666667,0
4000400070340-01_N95-2592x1944_scaledTo640x480bilinear,0.3765625,0.31875,0.659375,0.591666666666667,0
4000400002204-01_N95-2592x1944_scaledTo640x480bilinear,0.34375,0.31875,0.6890625,0.65,0
4000823061109-02_N95-2592x1944_scaledTo640x480bilinear,0.4046875,0.24375,0.6359375,0.704166666666667,0
4000823061109-01_N95-2592x1944_scaledTo640x480bilinear,0.3421875,0.14375,0.6453125,0.75625,0
4000516011053-02_N95-2592x1944_scaledTo640x480bilinear,0.334375,0.347916666666667,0.6953125,0.49375,0
4000400105608-01_N95-2592x1944_scaledTo640x480bilinear,0.3671875,0.16875,0.6390625,0.833333333333333,0
3181731138013-01_N95-2592x1944_scaledTo640x480bilinear,0.4375,0.20625,0.65625,0.770833333333333,0
2210187003598-02_N95-2592x1944_scaledTo640x480bilinear,0.4,0.402083333333333,0.628125,0.583333333333333,0
2007002006212-01_N95-2592x1944_scaledTo640x480bilinear,0.3265625,0.26875,0.6265625,0.558333333333333,0
3574660237870-01_N95-2592x1944_scaledTo640x480bilinear,0.390625,0.38125,0.703125,0.54375,0
3600520825809-01_N95-2592x1944_scaledTo640x480bilinear,0.3921875,0.375,0.684375,0.595833333333333,0
4000400001849-01_N95-2592x1944_scaledTo640x480bilinear,0.4,0.31875,0.5875,0.74375,0
2216010002202-01_N95-2592x1944_scaledTo640x480bilinear,0.3671875,0.358333333333333,0.659375,0.56875,0
3222270189644-01_N95-2592x1944_scaledTo640x480bilinear,0.3609375,0.347916666666667,0.675,0.652083333333333,0
4000290008195-01_N95-2592x1944_scaledTo640x480bilinear,0.4,0.339583333333333,0.66875,0.6,0
2007001572312-01_N95-2592x1944_scaledTo640x480bilinear,0.3109375,0.341666666666667,0.6765625,0.6875,0
3181731140009-01_N95-2592x1944_scaledTo640x480bilinear,0.4296875,0.260416666666667,0.60625,0.74375,0
3600520826400-01_N95-2592x1944_scaledTo640x480bilinear,0.39375,0.222916666666667,0.640625,0.74375,0
4000869060098-02_N95-2592x1944_scaledTo640x480bilinear,0.3515625,0.320833333333333,0.7109375,0.74375,0
0282925055468-01_N95-2592x1944_scaledTo640x480bilinear,0,0.85625,0.6703125,1,0
3276230002498-01_N95-2592x1944_scaledTo640x480bilinear,0.4015625,0.35,0.6359375,0.485416666666667,0
4000516800046-02_N95-2592x1944_scaledTo640x480bilinear,0.2953125,0.38125,0.740625,0.591666666666667,0
2003892380005-01_N95-2592x1944_scaledTo640x480bilinear,0.3265625,0.379166666666667,0.6765625,0.55625,0
3182550402538-01_N95-2592x1944_scaledTo640x480bilinear,0.309375,0.339583333333333,0.7640625,0.622916666666667,0
4000400001955-01_N95-2592x1944_scaledTo640x480bilinear,0.3359375,0.314583333333333,0.70625,0.61875,0
4000400157164-02_N95-2592x1944_scaledTo640x480bilinear,0.4015625,0.25,0.6265625,0.708333333333333,0
4000503211008-01_N95-2592x1944_scaledTo640x480bilinear,0.3140625,0.41875,0.6328125,0.577083333333333,0
4000680703266-02_N95-2592x1944_scaledTo640x480bilinear,0.3390625,0.33125,0.6765625,0.579166666666667,0
3598580630047-01_N95-2592x1944_scaledTo640x480bilinear,0.3609375,0.822916666666667,1,1,0
3181731138013-02_N95-2592x1944_scaledTo640x480bilinear,0.2703125,0.325,0.7171875,0.610416666666667,0
4000680703266-01_N95-2592x1944_scaledTo640x480bilinear,0.38125,0.329166666666667,0.6546875,0.566666666666667,0
2007001437550-01_N95-2592x1944_scaledTo640x480bilinear,0.3796875,0.31875,0.65625,0.583333333333333,0
4000539250408-01_N95-2592x1944_scaledTo640x480bilinear,0.36875,0.31875,0.6671875,0.6125,0
4000400002945-02_N95-2592x1944_scaledTo640x480bilinear,0.328125,0.379166666666667,0.671875,0.608333333333333,0
4000445004829-01_N95-2592x1944_scaledTo640x480bilinear,0.3421875,0.358333333333333,0.7265625,0.564583333333333,0
2007001491293-01_N95-2592x1944_scaledTo640x480bilinear,0.340625,0.333333333333333,0.675,0.595833333333333,0
2216103004564-01_N95-2592x1944_scaledTo640x480bilinear,0.371875,0.379166666666667,0.6890625,0.620833333333333,0
2007001523239-01_N95-2592x1944_scaledTo640x480bilinear,0.3046875,0.325,0.7234375,0.670833333333333,0
2005166466002-01_N95-2592x1944_scaledTo640x480bilinear,0.290625,0.316666666666667,0.7625,0.575,0
4000400008053-01_N95-2592x1944_scaledTo640x480bilinear,0.4609375,0.26875,0.61875,0.758333333333333,0
3487400000637-01_N95-2592x1944_scaledTo640x480bilinear,0.328125,0.302083333333333,0.7140625,0.664583333333333,0
3600520825601-01_N95-2592x1944_scaledTo640x480bilinear,0.353125,0.38125,0.7015625,0.6125,0
3121040014394-01_N95-2592x1944_scaledTo640x480bilinear,0.278125,0.28125,0.7109375,0.675,0
4000400130686-01_N95-2592x1944_scaledTo640x480bilinear,0.31875,0.2875,0.7015625,0.639583333333333,0
4000508045752-02_N95-2592x1944_scaledTo640x480bilinear,0.021875,0.45625,0.2,0.639583333333333,0
4000007037234-01_N95-2592x1944_scaledTo640x480bilinear,0.3578125,0.3875,0.6953125,0.679166666666667,0
2007002124862-01_N95-2592x1944_scaledTo640x480bilinear,0.321875,0.291666666666667,0.6953125,0.6375,0
4000412019016-01_N95-2592x1944_scaledTo640x480bilinear,0.2890625,0.241666666666667,0.709375,0.658333333333333,0
4000582104192-01_N95-2592x1944_scaledTo640x480bilinear,0.3421875,0.33125,0.6953125,0.585416666666667,0
2005169233007-01_N95-2592x1944_scaledTo640x480bilinear,0.271875,0.275,0.75625,0.745833333333333,0
2007002164479-01_N95-2592x1944_scaledTo640x480bilinear,0.3921875,0.360416666666667,0.671875,0.595833333333333,0
4000521593506-01_N95-2592x1944_scaledTo640x480bilinear,0.409375,0.235416666666667,0.596875,0.727083333333333,0
2000354891802-01_N95-2592x1944_scaledTo640x480bilinear,0.275,0.358333333333333,0.728125,0.46875,0
3500611007667-01_N95-2592x1944_scaledTo640x480bilinear,0.303125,0.279166666666667,0.6921875,0.620833333333333,0
4000400157164-01_N95-2592x1944_scaledTo640x480bilinear,0.3765625,0.2625,0.6046875,0.708333333333333,0
4000270905209-01_N95-2592x1944_scaledTo640x480bilinear,0.365625,0.391666666666667,0.678125,0.58125,0
4005808650507-06_N95-2592x1944_scaledTo640x480bilinear,0.2984375,0.385416666666667,0.7265625,0.514583333333333,0
4005153002020-01_N95-2592x1944_scaledTo640x480bilinear,0.290625,0.375,0.73125,0.5375,0
4006521004509-01_N95-2592x1944_scaledTo640x480bilinear,0.3796875,0.341666666666667,0.690625,0.610416666666667,0
4002644601267-01_N95-2592x1944_scaledTo640x480bilinear,0.3609375,0.31875,0.7,0.577083333333333,0
4008617661009-01_N95-2592x1944_scaledTo640x480bilinear,0.334375,0.29375,0.6453125,0.595833333333333,0
4002448024217-01_N95-2592x1944_scaledTo640x480bilinear,0.3625,0.352083333333333,0.6765625,0.54375,0
4002448006473-01_N95-2592x1944_scaledTo640x480bilinear,0.359375,0.372916666666667,0.6859375,0.570833333333333,0
4002897091600-01_N95-2592x1944_scaledTo640x480bilinear,0.4140625,0.170833333333333,0.5734375,0.73125,0
4006975021480-01_N95-2592x1944_scaledTo640x480bilinear,0.2625,0.3375,0.7546875,0.583333333333333,0
4001133295918-01_N95-2592x1944_scaledTo640x480bilinear,0.3171875,0.385416666666667,0.6875,0.541666666666667,0
4004841705007-01_N95-2592x1944_scaledTo640x480bilinear,0.375,0.452083333333333,0.671875,0.577083333333333,0
4007882580015-01_N95-2592x1944_scaledTo640x480bilinear,0.30625,0.314583333333333,0.73125,0.59375,0
4002448027140-01_N95-2592x1944_scaledTo640x480bilinear,0.334375,0.310416666666667,0.7171875,0.58125,0
4007591591067-01_N95-2592x1944_scaledTo640x480bilinear,0.303125,0.327083333333333,0.70625,0.685416666666667,0
4008115450501-01_N95-2592x1944_scaledTo640x480bilinear,0.3453125,0.297916666666667,0.68125,0.50625,0
4007864350803-01_N95-2592x1944_scaledTo640x480bilinear,0.334375,0.297916666666667,0.678125,0.525,0
4008153740831-01_N95-2592x1944_scaledTo640x480bilinear,0.371875,0.2,0.6125,0.74375,0
4001608203981-01_N95-2592x1944_scaledTo640x480bilinear,0.26875,0.252083333333333,0.740625,0.691666666666667,0
4008664001063-01_N95-2592x1944_scaledTo640x480bilinear,0.459375,0.24375,0.5890625,0.754166666666667,0
4001044170182-01_N95-2592x1944_scaledTo640x480bilinear,0.3671875,0.360416666666667,0.675,0.514583333333333,0
4008429009617-01_N95-2592x1944_scaledTo640x480bilinear,0.3921875,0.429166666666667,0.659375,0.583333333333333,0
4001133222426-01_N95-2592x1944_scaledTo640x480bilinear,0.2859375,0.358333333333333,0.7203125,0.55625,0
4002940470055-01_N95-2592x1944_scaledTo640x480bilinear,0.35625,0.302083333333333,0.6734375,0.5875,0
4002441039966-01_N95-2592x1944_scaledTo640x480bilinear,0.284375,0.310416666666667,0.659375,0.572916666666667,0
4003222664834-01_N95-2592x1944_scaledTo640x480bilinear,0.2578125,0.291666666666667,0.7609375,0.583333333333333,0
4001608023510-01_N95-2592x1944_scaledTo640x480bilinear,0.3109375,0.25,0.7296875,0.645833333333333,0
4001133871815-01_N95-2592x1944_scaledTo640x480bilinear,0.303125,0.389583333333333,0.6984375,0.558333333333333,0
4002940012354-01_N95-2592x1944_scaledTo640x480bilinear,0.29375,0.339583333333333,0.684375,0.635416666666667,0
4006581001777-01_N95-2592x1944_scaledTo640x480bilinear,0.3125,0.295833333333333,0.7234375,0.675,0
4001499130755-01_N95-2592x1944_scaledTo640x480bilinear,0.3234375,0.39375,0.684375,0.59375,0
4006160629583-01_N95-2592x1944_scaledTo640x480bilinear,0.43125,0.227083333333333,0.565625,0.76875,0
4004353027901-01_N95-2592x1944_scaledTo640x480bilinear,0.3546875,0.339583333333333,0.6796875,0.641666666666667,0
4008617661009-03_N95-2592x1944_scaledTo640x480bilinear,0.33125,0.358333333333333,0.66875,0.710416666666667,0
4008455004280-01_N95-2592x1944_scaledTo640x480bilinear,0.3171875,0.339583333333333,0.6859375,0.570833333333333,0
4007111609012-01_N95-2592x1944_scaledTo640x480bilinear,0.3484375,0.364583333333333,0.671875,0.472916666666667,0
4007111757317-01_N95-2592x1944_scaledTo640x480bilinear,0.3828125,0.420833333333333,0.6265625,0.5375,0
4002239595506-01_N95-2592x1944_scaledTo640x480bilinear,0.3203125,0.45,0.715625,0.60625,0
4003143030893-01_N95-2592x1944_scaledTo640x480bilinear,0.334375,0.295833333333333,0.6890625,0.539583333333333,0
4002667014358-01_N95-2592x1944_scaledTo640x480bilinear,0.2359375,0.277083333333333,0.7375,0.685416666666667,0
4007111757065-01_N95-2592x1944_scaledTo640x480bilinear,0.43125,0.383333333333333,0.6578125,0.495833333333333,0
4005941000672-01_N95-2592x1944_scaledTo640x480bilinear,0.346875,0.341666666666667,0.6796875,0.48125,0
4005781152197-01_N95-2592x1944_scaledTo640x480bilinear,0.3171875,0.366666666666667,0.684375,0.5625,0
4008402338376-01_N95-2592x1944_scaledTo640x480bilinear,0.3609375,0.370833333333333,0.740625,0.529166666666667,0
4008666206503-02_N95-2592x1944_scaledTo640x480bilinear,0.359375,0.435416666666667,0.6640625,0.575,0
4005808198863-01_N95-2592x1944_scaledTo640x480bilinear,0.353125,0.3125,0.6859375,0.633333333333333,0
4005500087038-01_N95-2592x1944_scaledTo640x480bilinear,0.409375,0.372916666666667,0.6796875,0.541666666666667,0
4005153001054-01_N95-2592x1944_scaledTo640x480bilinear,0.34375,0.297916666666667,0.7078125,0.552083333333333,0
4002644601441-01_N95-2592x1944_scaledTo640x480bilinear,0.3046875,0.283333333333333,0.7390625,0.622916666666667,0
4006067842962-01_N95-2592x1944_scaledTo640x480bilinear,0.33125,0.29375,0.7234375,0.658333333333333,0
4004327183725-01_N95-2592x1944_scaledTo640x480bilinear,0.2921875,0.335416666666667,0.771875,0.529166666666667,0
4008617029618-01_N95-2592x1944_scaledTo640x480bilinear,0.346875,0.439583333333333,0.7296875,0.55,0
4004353016387-01_N95-2592x1944_scaledTo640x480bilinear,0.340625,0.295833333333333,0.7046875,0.645833333333333,0
4008367351137-01_N95-2592x1944_scaledTo640x480bilinear,0.403125,0.264583333333333,0.6015625,0.741666666666667,0
4006160635171-01_N95-2592x1944_scaledTo640x480bilinear,0.265625,0.379166666666667,0.709375,0.55,0
4003735710295-01_N95-2592x1944_scaledTo640x480bilinear,0.2890625,0.33125,0.7125,0.575,0
4008491224567-01_N95-2592x1944_scaledTo640x480bilinear,0.2921875,0.322916666666667,0.73125,0.5625,0
4002473960450-01_N95-2592x1944_scaledTo640x480bilinear,0.4203125,0.29375,0.6078125,0.754166666666667,0
4005808650507-01_N95-2592x1944_scaledTo640x480bilinear,0.3234375,0.408333333333333,0.7078125,0.51875,0
4001845527000-01_N95-2592x1944_scaledTo640x480bilinear,0.35625,0.364583333333333,0.6546875,0.625,0
4006508121243-01_N95-2592x1944_scaledTo640x480bilinear,0.2921875,0.377083333333333,0.7015625,0.566666666666667,0
4001499140648-01_N95-2592x1944_scaledTo640x480bilinear,0.4015625,0.266666666666667,0.5625,0.685416666666667,0
4006545023784-01_N95-2592x1944_scaledTo640x480bilinear,0.36875,0.404166666666667,0.7,0.533333333333333,0
4005032167260-01_N95-2592x1944_scaledTo640x480bilinear,0.340625,0.372916666666667,0.6546875,0.545833333333333,0
4008400721620-01_N95-2592x1944_scaledTo640x480bilinear,0.3390625,0.075,0.7296875,0.752083333333333,0
4007864350735-01_N95-2592x1944_scaledTo640x480bilinear,0.3015625,0.264583333333333,0.715625,0.552083333333333,0
4006237090162-01_N95-2592x1944_scaledTo640x480bilinear,0.315625,0.302083333333333,0.6890625,0.629166666666667,0
4004353014635-01_N95-2592x1944_scaledTo640x480bilinear,0.3703125,0.30625,0.6984375,0.635416666666667,0
4005900816016-01_N95-2592x1944_scaledTo640x480bilinear,0.2875,0.35625,0.6546875,0.58125,0
4001133962810-01_N95-2592x1944_scaledTo640x480bilinear,0.340625,0.35625,0.6921875,0.5125,0
4008153740190-01_N95-2592x1944_scaledTo640x480bilinear,0.3921875,0.4125,0.6484375,0.554166666666667,0
4004353047213-01_N95-2592x1944_scaledTo640x480bilinear,0.334375,0.270833333333333,0.725,0.61875,0
4001133848619-01_N95-2592x1944_scaledTo640x480bilinear,0.265625,0.352083333333333,0.6953125,0.541666666666667,0
4006431011413-01_N95-2592x1944_scaledTo640x480bilinear,0.415625,0.208333333333333,0.6125,0.675,0
4002940016215-02_N95-2592x1944_scaledTo640x480bilinear,0.3515625,0.31875,0.675,0.583333333333333,0
4005800431241-01_N95-2592x1944_scaledTo640x480bilinear,0.3328125,0.352083333333333,0.696875,0.485416666666667,0
4008146790805-01_N95-2592x1944_scaledTo640x480bilinear,0.3296875,0.295833333333333,0.728125,0.664583333333333,0
4008666700902-01_N95-2592x1944_scaledTo640x480bilinear,0.3453125,0.366666666666667,0.6796875,0.597916666666667,0
4001133929516-01_N95-2592x1944_scaledTo640x480bilinear,0.3015625,0.339583333333333,0.7203125,0.5125,0
4000953398915-01_N95-2592x1944_scaledTo640x480bilinear,0.31875,0.3,0.6734375,0.6375,0
4008666212016-01_N95-2592x1944_scaledTo640x480bilinear,0.3296875,0.3875,0.659375,0.529166666666667,0
4008033493109-01_N95-2592x1944_scaledTo640x480bilinear,0.43125,0.44375,0.6859375,0.575,0
4002940380583-01_N95-2592x1944_scaledTo640x480bilinear,0.3125,0.3375,0.70625,0.522916666666667,0
4008233028330-01_N95-2592x1944_scaledTo640x480bilinear,0.3359375,0.3625,0.6984375,0.672916666666667,0
4004820802017-01_N95-2592x1944_scaledTo640x480bilinear,0.3265625,0.3625,0.6515625,0.466666666666667,0
4008617661009-02_N95-2592x1944_scaledTo640x480bilinear,0.3703125,0.29375,0.65625,0.579166666666667,0
4006333358814-02_N95-2592x1944_scaledTo640x480bilinear,0.3546875,0.304166666666667,0.71875,0.602083333333333,0
4008435030018-01_N95-2592x1944_scaledTo640x480bilinear,0.3765625,0.33125,0.671875,0.610416666666667,0
4002575113389-01_N95-2592x1944_scaledTo640x480bilinear,0.371875,0.325,0.68125,0.477083333333333,0
4003764700373-02_N95-2592x1944_scaledTo640x480bilinear,0.3484375,0.314583333333333,0.703125,0.645833333333333,0
4001133838627-01_N95-2592x1944_scaledTo640x480bilinear,0.3,0.325,0.746875,0.522916666666667,0
4006395692093-01_N95-2592x1944_scaledTo640x480bilinear,0.38125,0.34375,0.7078125,0.466666666666667,0
4005721080269-01_N95-2592x1944_scaledTo640x480bilinear,0.3703125,0.327083333333333,0.6546875,0.608333333333333,0
4006825456066-02_N95-2592x1944_scaledTo640x480bilinear,0.4171875,0.333333333333333,0.61875,0.529166666666667,0
4005781155112-01_N95-2592x1944_scaledTo640x480bilinear,0.3265625,0.375,0.6734375,0.55,0
4006431011413-02_N95-2592x1944_scaledTo640x480bilinear,0.4296875,0.314583333333333,0.5890625,0.710416666666667,0
4004353019159-01_N95-2592x1944_scaledTo640x480bilinear,0.371875,0.310416666666667,0.69375,0.63125,0
4005012160700-01_N95-2592x1944_scaledTo640x480bilinear,0.384375,0.252083333333333,0.6265625,0.677083333333333,0
4004353036507-01_N95-2592x1944_scaledTo640x480bilinear,0.34375,0.23125,0.65,0.7625,0
4005500037477-01_N95-2592x1944_scaledTo640x480bilinear,0.4125,0.40625,0.675,0.58125,0
4004353036408-01_N95-2592x1944_scaledTo640x480bilinear,0.2875,0.322916666666667,0.690625,0.689583333333333,0
4006724670013-02_N95-2592x1944_scaledTo640x480bilinear,0.3390625,0.31875,0.703125,0.641666666666667,0
4004025056857-01_N95-2592x1944_scaledTo640x480bilinear,0.2453125,0.26875,0.71875,0.635416666666667,0
4007801107736-01_N95-2592x1944_scaledTo640x480bilinear,0.365625,0.354166666666667,0.6890625,0.572916666666667,0
4008491420211-01_N95-2592x1944_scaledTo640x480bilinear,0.303125,0.370833333333333,0.6953125,0.541666666666667,0
4006521008064-01_N95-2592x1944_scaledTo640x480bilinear,0.30625,0.333333333333333,0.70625,0.60625,0
4002940162172-01_N95-2592x1944_scaledTo640x480bilinear,0.44375,0.36875,0.6921875,0.560416666666667,0
4003790001444-01_N95-2592x1944_scaledTo640x480bilinear,0.2890625,0.258333333333333,0.7125,0.65625,0
4002359176302-01_N95-2592x1944_scaledTo640x480bilinear,0.4234375,0.266666666666667,0.6390625,0.6875,0
4003387001017-01_N95-2592x1944_scaledTo640x480bilinear,0.3359375,0.366666666666667,0.6484375,0.522916666666667,0
4001702025304-01_N95-2592x1944_scaledTo640x480bilinear,0.4484375,0.402083333333333,0.6171875,0.558333333333333,0
4008033492010-01_N95-2592x1944_scaledTo640x480bilinear,0.3625,0.383333333333333,0.721875,0.577083333333333,0
4004849218301-01_N95-2592x1944_scaledTo640x480bilinear,0.35625,0.372916666666667,0.6890625,0.525,0
4005808650507-09_N95-2592x1944_scaledTo640x480bilinear,0.3125,0.414583333333333,0.696875,0.522916666666667,0
4002718326287-01_N95-2592x1944_scaledTo640x480bilinear,0.3625,0.36875,0.696875,0.529166666666667,0
4005781114560-01_N95-2592x1944_scaledTo640x480bilinear,0.3640625,0.33125,0.659375,0.541666666666667,0
4001608204025-01_N95-2592x1944_scaledTo640x480bilinear,0.31875,0.26875,0.6875,0.614583333333333,0
4003665360973-01_N95-2592x1944_scaledTo640x480bilinear,0.3,0.30625,0.69375,0.658333333333333,0
4002940163544-01_N95-2592x1944_scaledTo640x480bilinear,0.45,0.289583333333333,0.584375,0.6375,0
4007141034624-01_N95-2592x1944_scaledTo640x480bilinear,0.334375,0.391666666666667,0.6921875,0.504166666666667,0
4003222689226-01_N95-2592x1944_scaledTo640x480bilinear,0.3296875,0.3625,0.6859375,0.535416666666667,0
4004353003721-01_N95-2592x1944_scaledTo640x480bilinear,0.3671875,0.358333333333333,0.6546875,0.6375,0
4008137002207-01_N95-2592x1944_scaledTo640x480bilinear,0.3375,0.341666666666667,0.671875,0.60625,0
4005941001983-02_N95-2592x1944_scaledTo640x480bilinear,0.35625,0.377083333333333,0.675,0.539583333333333,0
4005808811519-01_N95-2592x1944_scaledTo640x480bilinear,0.41875,0.247916666666667,0.603125,0.795833333333333,0
4008158016078-02_N95-2592x1944_scaledTo640x480bilinear,0.384375,0.402083333333333,0.7640625,0.514583333333333,0
4008118060127-01_N95-2592x1944_scaledTo640x480bilinear,0.4046875,0.216666666666667,0.596875,0.8125,0
4001133323017-01_N95-2592x1944_scaledTo640x480bilinear,0.3140625,0.341666666666667,0.70625,0.4875,0
4002644614076-01_N95-2592x1944_scaledTo640x480bilinear,0.3859375,0.289583333333333,0.6765625,0.51875,0
4005009001887-01_N95-2592x1944_scaledTo640x480bilinear,0.3,0.339583333333333,0.703125,0.545833333333333,0
4005009001870-01_N95-2592x1944_scaledTo640x480bilinear,0.35625,0.295833333333333,0.653125,0.552083333333333,0
4005800402968-01_N95-2592x1944_scaledTo640x480bilinear,0.29375,0.3625,0.675,0.485416666666667,0
4008617681014-01_N95-2592x1944_scaledTo640x480bilinear,0.2859375,0.26875,0.7140625,0.60625,0
4008153741357-01_N95-2592x1944_scaledTo640x480bilinear,0.334375,0.279166666666667,0.746875,0.672916666666667,0
4001133205511-01_N95-2592x1944_scaledTo640x480bilinear,0.3046875,0.38125,0.696875,0.533333333333333,0
4007965013003-01_N95-2592x1944_scaledTo640x480bilinear,0.3203125,0.289583333333333,0.7421875,0.585416666666667,0
4001432078533-01_N95-2592x1944_scaledTo640x480bilinear,0.33125,0.29375,0.715625,0.66875,0
4008115790201-01_N95-2592x1944_scaledTo640x480bilinear,0.309375,0.370833333333333,0.684375,0.71875,0
4001133245814-01_N95-2592x1944_scaledTo640x480bilinear,0.3203125,0.364583333333333,0.71875,0.5375,0
4008233042433-01_N95-2592x1944_scaledTo640x480bilinear,0.259375,0.477083333333333,0.8265625,0.60625,0
4005009001672-01_N95-2592x1944_scaledTo640x480bilinear,0.3546875,0.379166666666667,0.634375,0.55,0
4002644072555-01_N95-2592x1944_scaledTo640x480bilinear,0.4546875,0.29375,0.5484375,0.708333333333333,0
4005032283021-01_N95-2592x1944_scaledTo640x480bilinear,0.3890625,0.427083333333333,0.634375,0.55625,0
4000870036983-01_N95-2592x1944_scaledTo640x480bilinear,0.4609375,0.254166666666667,0.5984375,0.725,0
4007123045501-01_N95-2592x1944_scaledTo640x480bilinear,0.4421875,0.277083333333333,0.578125,0.6625,0
4002940199673-01_N95-2592x1944_scaledTo640x480bilinear,0.3890625,0.39375,0.590625,0.5875,0
4001883294667-01_N95-2592x1944_scaledTo640x480bilinear,0.3078125,0.289583333333333,0.6671875,0.59375,0
4002473747457-01_N95-2592x1944_scaledTo640x480bilinear,0.34375,0.29375,0.675,0.595833333333333,0
4005009004123-01_N95-2592x1944_scaledTo640x480bilinear,0.38125,0.345833333333333,0.6734375,0.572916666666667,0
4006067088926-01_N95-2592x1944_scaledTo640x480bilinear,0.3640625,0.325,0.709375,0.639583333333333,0
4002676212042-01_N95-2592x1944_scaledTo640x480bilinear,0.321875,0.304166666666667,0.7140625,0.597916666666667,0
4007237015414-01_N95-2592x1944_scaledTo640x480bilinear,0.34375,0.36875,0.7015625,0.514583333333333,0
4008110201504-01_N95-2592x1944_scaledTo640x480bilinear,0.3296875,0.408333333333333,0.7015625,0.616666666666667,0
4007554132801-01_N95-2592x1944_scaledTo640x480bilinear,0.371875,0.3625,0.65,0.585416666666667,0
4007237015803-01_N95-2592x1944_scaledTo640x480bilinear,0.353125,0.385416666666667,0.6984375,0.58125,0
4007764691464-01_N95-2592x1944_scaledTo640x480bilinear,0.3734375,0.34375,0.7234375,0.625,0
4002473959652-02_N95-2592x1944_scaledTo640x480bilinear,0.4046875,0.379166666666667,0.665625,0.570833333333333,0
4002644614021-01_N95-2592x1944_scaledTo640x480bilinear,0.253125,0.254166666666667,0.75625,0.635416666666667,0
4001497321308-01_N95-2592x1944_scaledTo640x480bilinear,0.33125,0.26875,0.6703125,0.466666666666667,0
4002644601786-01_N95-2592x1944_scaledTo640x480bilinear,0.35625,0.308333333333333,0.6625,0.558333333333333,0
4008400160924-01_N95-2592x1944_scaledTo640x480bilinear,0.3421875,0.345833333333333,0.6703125,0.595833333333333,0
4005808650507-07_N95-2592x1944_scaledTo640x480bilinear,0.2921875,0.375,0.709375,0.491666666666667,0
4002575263640-01_N95-2592x1944_scaledTo640x480bilinear,0.4078125,0.2375,0.5703125,0.6625,0
4002468130127-01_N95-2592x1944_scaledTo640x480bilinear,0.3453125,0.347916666666667,0.665625,0.5125,0
4002039216304-01_N95-2592x1944_scaledTo640x480bilinear,0.440625,0.260416666666667,0.6171875,0.733333333333333,0
4004353606786-01_N95-2592x1944_scaledTo640x480bilinear,0.3375,0.375,0.675,0.629166666666667,0
4003780119739-01_N95-2592x1944_scaledTo640x480bilinear,0.2609375,0.254166666666667,0.7203125,0.608333333333333,0
4006952002204-01_N95-2592x1944_scaledTo640x480bilinear,0.3453125,0.35,0.696875,0.4875,0
4008115790201-02_N95-2592x1944_scaledTo640x480bilinear,0.3140625,0.304166666666667,0.69375,0.647916666666667,0
4001845525204-01_N95-2592x1944_scaledTo640x480bilinear,0.3234375,0.320833333333333,0.678125,0.522916666666667,0
4005721080269-02_N95-2592x1944_scaledTo640x480bilinear,0.375,0.320833333333333,0.6890625,0.622916666666667,0
4001513000613-01_N95-2592x1944_scaledTo640x480bilinear,0.3578125,0.320833333333333,0.675,0.547916666666667,0
4001845524368-01_N95-2592x1944_scaledTo640x480bilinear,0.284375,0.375,0.74375,0.49375,0
4007988067489-01_N95-2592x1944_scaledTo640x480bilinear,0.3625,0.28125,0.73125,0.652083333333333,0
4004353016387-02_N95-2592x1944_scaledTo640x480bilinear,0.303125,0.335416666666667,0.7046875,0.710416666666667,0
4006501025128-01_N95-2592x1944_scaledTo640x480bilinear,0.3203125,0.275,0.7390625,0.591666666666667,0
4008057023986-01_N95-2592x1944_scaledTo640x480bilinear,0.3734375,0.422916666666667,0.7234375,0.514583333333333,0
4005808650507-10_N95-2592x1944_scaledTo640x480bilinear,0.2875,0.40625,0.728125,0.51875,0
4006395324123-01_N95-2592x1944_scaledTo640x480bilinear,0.3578125,0.35,0.6828125,0.510416666666667,0
4008429000980-01_N95-2592x1944_scaledTo640x480bilinear,0.31875,0.364583333333333,0.6984375,0.570833333333333,0
4001133328661-01_N95-2592x1944_scaledTo640x480bilinear,0.325,0.335416666666667,0.7140625,0.4875,0
4005808650507-08_N95-2592x1944_scaledTo640x480bilinear,0.25625,0.397916666666667,0.7578125,0.5375,0
4007581002641-01_N95-2592x1944_scaledTo640x480bilinear,0.3375,0.327083333333333,0.7171875,0.629166666666667,0
4006825156980-01_N95-2592x1944_scaledTo640x480bilinear,0.3734375,0.360416666666667,0.6625,0.55625,0
4006010222223-01_N95-2592x1944_scaledTo640x480bilinear,0.390625,0.258333333333333,0.621875,0.720833333333333,0
4005808864010-01_N95-2592x1944_scaledTo640x480bilinear,0.3484375,0.347916666666667,0.6703125,0.541666666666667,0
4001518006450-01_N95-2592x1944_scaledTo640x480bilinear,0.35,0.320833333333333,0.678125,0.616666666666667,0
4001518007884-01_N95-2592x1944_scaledTo640x480bilinear,0.3640625,0.279166666666667,0.6875,0.564583333333333,0
4005808650507-03_N95-2592x1944_scaledTo640x480bilinear,0.3390625,0.4,0.70625,0.508333333333333,0
4006874037346-01_N95-2592x1944_scaledTo640x480bilinear,0.3609375,0.4125,0.6515625,0.527083333333333,0
4006067088827-01_N95-2592x1944_scaledTo640x480bilinear,0.2796875,0.31875,0.7078125,0.702083333333333,0
4001936022100-01_N95-2592x1944_scaledTo640x480bilinear,0.3734375,0.379166666666667,0.65,0.547916666666667,0
4006617675767-01_N95-2592x1944_scaledTo640x480bilinear,0.3484375,0.345833333333333,0.715625,0.495833333333333,0
4002524130085-01_N95-2592x1944_scaledTo640x480bilinear,0.346875,0.360416666666667,0.6765625,0.597916666666667,0
4008435030018-02_N95-2592x1944_scaledTo640x480bilinear,0.346875,0.30625,0.68125,0.635416666666667,0
4003490048961-01_N95-2592x1944_scaledTo640x480bilinear,0.3796875,0.208333333333333,0.6046875,0.785416666666667,0
4002575190267-01_N95-2592x1944_scaledTo640x480bilinear,0.4515625,0.25625,0.565625,0.64375,0
4006724670013-01_N95-2592x1944_scaledTo640x480bilinear,0.3546875,0.372916666666667,0.6265625,0.6125,0
4006387009311-01_N95-2592x1944_scaledTo640x480bilinear,0.284375,0.302083333333333,0.728125,0.708333333333333,0
4005500076087-01_N95-2592x1944_scaledTo640x480bilinear,0.434375,0.266666666666667,0.578125,0.683333333333333,0
4006885191600-01_N95-2592x1944_scaledTo640x480bilinear,0.325,0.35625,0.6890625,0.639583333333333,0
4005808650507-04_N95-2592x1944_scaledTo640x480bilinear,0.33125,0.4125,0.6765625,0.5125,0
4006272332104-01_N95-2592x1944_scaledTo640x480bilinear,0.3890625,0.333333333333333,0.659375,0.545833333333333,0
4007486620322-01_N95-2592x1944_scaledTo640x480bilinear,0.3171875,0.204166666666667,0.625,0.770833333333333,0
4007552306105-01_N95-2592x1944_scaledTo640x480bilinear,0.3265625,0.372916666666667,0.7109375,0.564583333333333,0
4001683001335-01_N95-2592x1944_scaledTo640x480bilinear,0.3953125,0.445833333333333,0.6234375,0.60625,0
4004353028052-01_N95-2592x1944_scaledTo640x480bilinear,0.3125,0.285416666666667,0.6703125,0.61875,0
4001499140648-02_N95-2592x1944_scaledTo640x480bilinear,0.328125,0.370833333333333,0.6671875,0.6125,0
4002644093963-01_N95-2592x1944_scaledTo640x480bilinear,0.134375,0.0854166666666667,0.8796875,0.816666666666667,0
4002448027508-01_N95-2592x1944_scaledTo640x480bilinear,0.359375,0.370833333333333,0.65625,0.570833333333333,0
4001513007650-01_N95-2592x1944_scaledTo640x480bilinear,0.3171875,0.297916666666667,0.6984375,0.6625,0
4007801109358-01_N95-2592x1944_scaledTo640x480bilinear,0.3625,0.335416666666667,0.665625,0.585416666666667,0
4006325677718-01_N95-2592x1944_scaledTo640x480bilinear,0.2859375,0.410416666666667,0.7125,0.585416666666667,0
4007841574116-01_N95-2592x1944_scaledTo640x480bilinear,0.3765625,0.375,0.65625,0.5375,0
4006333380914-01_N95-2592x1944_scaledTo640x480bilinear,0.3640625,0.347916666666667,0.6484375,0.591666666666667,0
4001167799055-01_N95-2592x1944_scaledTo640x480bilinear,0.371875,0.36875,0.6234375,0.602083333333333,0
4005009001238-01_N95-2592x1944_scaledTo640x480bilinear,0.3484375,0.31875,0.765625,0.6125,0
4001432069531-01_N95-2592x1944_scaledTo640x480bilinear,0.3140625,0.297916666666667,0.70625,0.675,0
4001743079250-01_N95-2592x1944_scaledTo640x480bilinear,0.3546875,0.370833333333333,0.684375,0.608333333333333,0
4003764700373-01_N95-2592x1944_scaledTo640x480bilinear,0.3390625,0.391666666666667,0.6296875,0.6625,0
4004327244396-01_N95-2592x1944_scaledTo640x480bilinear,0.3546875,0.335416666666667,0.6890625,0.48125,0
4003310104051-01_N95-2592x1944_scaledTo640x480bilinear,0.3625,0.270833333333333,0.628125,0.75625,0
4008402054870-01_N95-2592x1944_scaledTo640x480bilinear,0.334375,0.383333333333333,0.68125,0.50625,0
4007237015452-01_N95-2592x1944_scaledTo640x480bilinear,0.359375,0.410416666666667,0.6625,0.529166666666667,0
4005153031266-01_N95-2592x1944_scaledTo640x480bilinear,0.38125,0.420833333333333,0.6078125,0.514583333333333,0
4005009001436-01_N95-2592x1944_scaledTo640x480bilinear,0.353125,0.304166666666667,0.6875,0.510416666666667,0
4006272004599-01_N95-2592x1944_scaledTo640x480bilinear,0.371875,0.422916666666667,0.66875,0.554166666666667,0
4002644601175-01_N95-2592x1944_scaledTo640x480bilinear,0.2859375,0.266666666666667,0.7546875,0.61875,0
4008110193168-01_N95-2592x1944_scaledTo640x480bilinear,0.4015625,0.416666666666667,0.653125,0.572916666666667,0
4003665361123-01_N95-2592x1944_scaledTo640x480bilinear,0.396875,0.239583333333333,0.5765625,0.735416666666667,0
4004353003660-01_N95-2592x1944_scaledTo640x480bilinear,0.3421875,0.41875,0.7,0.572916666666667,0
4005556271306-01_N95-2592x1944_scaledTo640x480bilinear,0.365625,0.404166666666667,0.6578125,0.510416666666667,0
4007680105243-01_N95-2592x1944_scaledTo640x480bilinear,0.4609375,0.295833333333333,0.58125,0.747916666666667,0
4001723145005-01_N95-2592x1944_scaledTo640x480bilinear,0.3484375,0.341666666666667,0.6859375,0.55,0
4006592532673-01_N95-2592x1944_scaledTo640x480bilinear,0.353125,0.277083333333333,0.678125,0.554166666666667,0
4002064408750-01_N95-2592x1944_scaledTo640x480bilinear,0.3,0.34375,0.7109375,0.575,0
4005808650507-05_N95-2592x1944_scaledTo640x480bilinear,0.315625,0.39375,0.6765625,0.495833333333333,0
4005800225062-01_N95-2592x1944_scaledTo640x480bilinear,0.3125,0.39375,0.7078125,0.527083333333333,0
4002940016215-01_N95-2592x1944_scaledTo640x480bilinear,0.3453125,0.379166666666667,0.640625,0.627083333333333,0
4005500310105-01_N95-2592x1944_scaledTo640x480bilinear,0.428125,0.3,0.6015625,0.716666666666667,0
4001608202359-01_N95-2592x1944_scaledTo640x480bilinear,0.3125,0.2875,0.665625,0.63125,0
4005069164492-01_N95-2592x1944_scaledTo640x480bilinear,0.353125,0.4125,0.659375,0.541666666666667,0
4001608204131-01_N95-2592x1944_scaledTo640x480bilinear,0.2984375,0.4,0.69375,0.660416666666667,0
4007237018187-01_N95-2592x1944_scaledTo640x480bilinear,0.3640625,0.383333333333333,0.66875,0.539583333333333,0
4002575076905-01_N95-2592x1944_scaledTo640x480bilinear,0.378125,0.3375,0.6828125,0.514583333333333,0
4007552306051-01_N95-2592x1944_scaledTo640x480bilinear,0.359375,0.41875,0.65,0.579166666666667,0
4006639317881-01_N95-2592x1944_scaledTo640x480bilinear,0.440625,0.272916666666667,0.5671875,0.677083333333333,0
4002448018360-01_N95-2592x1944_scaledTo640x480bilinear,0.30625,0.310416666666667,0.70625,0.579166666666667,0
4001608204049-01_N95-2592x1944_scaledTo640x480bilinear,0.275,0.24375,0.7515625,0.695833333333333,0
4001497287208-01_N95-2592x1944_scaledTo640x480bilinear,0.290625,0.291666666666667,0.7640625,0.6,0
4008402863397-01_N95-2592x1944_scaledTo640x480bilinear,0.303125,0.341666666666667,0.728125,0.654166666666667,0
4006952002259-01_N95-2592x1944_scaledTo640x480bilinear,0.371875,0.441666666666667,0.66875,0.570833333333333,0
4008110263533-01_N95-2592x1944_scaledTo640x480bilinear,0.3578125,0.397916666666667,0.684375,0.5375,0
4006885552005-01_N95-2592x1944_scaledTo640x480bilinear,0.2046875,0.34375,0.78125,0.689583333333333,0
4001133929318-01_N95-2592x1944_scaledTo640x480bilinear,0.4609375,0.264583333333333,0.5609375,0.68125,0
4005808813803-01_N95-2592x1944_scaledTo640x480bilinear,0.3390625,0.28125,0.690625,0.591666666666667,0
4007591582096-01_N95-2592x1944_scaledTo640x480bilinear,0.3609375,0.4,0.6703125,0.625,0
4006272232961-01_N95-2592x1944_scaledTo640x480bilinear,0.4296875,0.402083333333333,0.6375,0.56875,0
4004353016950-01_N95-2592x1944_scaledTo640x480bilinear,0.3875,0.291666666666667,0.6265625,0.708333333333333,0
4002644094724-01_N95-2592x1944_scaledTo640x480bilinear,0.3765625,0.34375,0.675,0.535416666666667,0
4005808850907-01_N95-2592x1944_scaledTo640x480bilinear,0.3765625,0.34375,0.640625,0.577083333333333,0
4001478002745-01_N95-2592x1944_scaledTo640x480bilinear,0.3890625,0.389583333333333,0.66875,0.589583333333333,0
4008496525348-01_N95-2592x1944_scaledTo640x480bilinear,0.353125,0.364583333333333,0.6640625,0.554166666666667,0
4006160635317-01_N95-2592x1944_scaledTo640x480bilinear,0.3109375,0.352083333333333,0.7171875,0.5125,0
4002448016229-01_N95-2592x1944_scaledTo640x480bilinear,0.36875,0.304166666666667,0.696875,0.622916666666667,0
4001513000613-02_N95-2592x1944_scaledTo640x480bilinear,0.315625,0.30625,0.6625,0.566666666666667,0
4003694106443-01_N95-2592x1944_scaledTo640x480bilinear,0.2890625,0.385416666666667,0.7140625,0.525,0
4002874004371-01_N95-2592x1944_scaledTo640x480bilinear,0.4171875,0.34375,0.6296875,0.552083333333333,0
4001956545016-01_N95-2592x1944_scaledTo640x480bilinear,0.3953125,0.445833333333333,0.6640625,0.529166666666667,0
4002644601106-01_N95-2592x1944_scaledTo640x480bilinear,0.3734375,0.364583333333333,0.653125,0.585416666666667,0
4006333358814-01_N95-2592x1944_scaledTo640x480bilinear,0.3453125,0.333333333333333,0.671875,0.6,0
4006885345300-01_N95-2592x1944_scaledTo640x480bilinear,0.36875,0.354166666666667,0.6703125,0.575,0
4002025050387-01_N95-2592x1944_scaledTo640x480bilinear,0.3546875,0.30625,0.684375,0.616666666666667,0
4008398220457-01_N95-2592x1944_scaledTo640x480bilinear,0.421875,0.277083333333333,0.6828125,0.758333333333333,0
4005808010707-01_N95-2592x1944_scaledTo640x480bilinear,0.31875,0.333333333333333,0.7234375,0.564583333333333,0
4002971293203-01_N95-2592x1944_scaledTo640x480bilinear,0.3953125,0.191666666666667,0.5921875,0.704166666666667,0
4005500209409-01_N95-2592x1944_scaledTo640x480bilinear,0.3109375,0.3,0.703125,0.63125,0
4007237054956-01_N95-2592x1944_scaledTo640x480bilinear,0.3390625,0.335416666666667,0.6921875,0.60625,0
4007965015809-01_N95-2592x1944_scaledTo640x480bilinear,0.3953125,0.416666666666667,0.6984375,0.552083333333333,0
4006638000784-01_N95-2592x1944_scaledTo640x480bilinear,0.328125,0.322916666666667,0.6828125,0.575,0
4008429006289-01_N95-2592x1944_scaledTo640x480bilinear,0.3203125,0.26875,0.75625,0.616666666666667,0
4005781145199-01_N95-2592x1944_scaledTo640x480bilinear,0.3671875,0.35625,0.684375,0.58125,0
4008491217255-02_N95-2592x1944_scaledTo640x480bilinear,0.2796875,0.25625,0.725,0.66875,0
4008491217255-01_N95-2592x1944_scaledTo640x480bilinear,0.3203125,0.339583333333333,0.6953125,0.572916666666667,0
4006874037346-02_N95-2592x1944_scaledTo640x480bilinear,0.3859375,0.379166666666667,0.615625,0.641666666666667,0
4000999914124-01_N95-2592x1944_scaledTo640x480bilinear,0.2515625,0.258333333333333,0.7609375,0.73125,0
4008137002955-01_N95-2592x1944_scaledTo640x480bilinear,0.3015625,0.283333333333333,0.7140625,0.616666666666667,0
4005568700900-01_N95-2592x1944_scaledTo640x480bilinear,0.275,0.270833333333333,0.746875,0.560416666666667,0
4001499012358-01_N95-2592x1944_scaledTo640x480bilinear,0.3984375,0.266666666666667,0.5453125,0.797916666666667,0
4007554132801-02_N95-2592x1944_scaledTo640x480bilinear,0.3046875,0.314583333333333,0.7015625,0.633333333333333,0
4001419009611-02_N95-2592x1944_scaledTo640x480bilinear,0.3234375,0.21875,0.6265625,0.747916666666667,0
4005009003003-01_N95-2592x1944_scaledTo640x480bilinear,0.3078125,0.258333333333333,0.7,0.641666666666667,0
4005258000198-01_N95-2592x1944_scaledTo640x480bilinear,0.365625,0.335416666666667,0.678125,0.620833333333333,0
4005808868056-01_N95-2592x1944_scaledTo640x480bilinear,0.3375,0.372916666666667,0.709375,0.56875,0
4005808813872-01_N95-2592x1944_scaledTo640x480bilinear,0.2984375,0.404166666666667,0.603125,0.585416666666667,0
4004353047213-02_N95-2592x1944_scaledTo640x480bilinear,0.2953125,0.310416666666667,0.7234375,0.704166666666667,0
4001499162954-01_N95-2592x1944_scaledTo640x480bilinear,0.3890625,0.25625,0.5625,0.75,0
4002473959652-01_N95-2592x1944_scaledTo640x480bilinear,0.4625,0.308333333333333,0.6125,0.66875,0
4001497287208-02_N95-2592x1944_scaledTo640x480bilinear,0.284375,0.322916666666667,0.709375,0.5875,0
4002448018551-01_N95-2592x1944_scaledTo640x480bilinear,0.325,0.35,0.6921875,0.5625,0
4005500333005-01_N95-2592x1944_scaledTo640x480bilinear,0.29375,0.354166666666667,0.7015625,0.579166666666667,0
4001120260905-01_N95-2592x1944_scaledTo640x480bilinear,0.2609375,0.291666666666667,0.734375,0.7375,0
4008287056020-01_N95-2592x1944_scaledTo640x480bilinear,0.328125,0.34375,0.65,0.508333333333333,0
4006545125594-01_N95-2592x1944_scaledTo640x480bilinear,0.26875,0.335416666666667,0.728125,0.479166666666667,0
4007965016004-01_N95-2592x1944_scaledTo640x480bilinear,0.3953125,0.185416666666667,0.5859375,0.7875,0
4001608023510-02_N95-2592x1944_scaledTo640x480bilinear,0.353125,0.33125,0.66875,0.583333333333333,0
4002473754455-01_N95-2592x1944_scaledTo640x480bilinear,0.3578125,0.327083333333333,0.6640625,0.616666666666667,0
4006067006173-01_N95-2592x1944_scaledTo640x480bilinear,0.2640625,0.352083333333333,0.7046875,0.695833333333333,0
4001845521107-01_N95-2592x1944_scaledTo640x480bilinear,0.346875,0.3125,0.69375,0.539583333333333,0
4003548078537-01_N95-2592x1944_scaledTo640x480bilinear,0.403125,0.414583333333333,0.6421875,0.554166666666667,0
4005032234290-01_N95-2592x1944_scaledTo640x480bilinear,0.3796875,0.383333333333333,0.6484375,0.533333333333333,0
4007591570277-01_N95-2592x1944_scaledTo640x480bilinear,0.2765625,0.364583333333333,0.7328125,0.55,0
4006638000784-02_N95-2592x1944_scaledTo640x480bilinear,0.3421875,0.385416666666667,0.7171875,0.51875,0
4007680104932-01_N95-2592x1944_scaledTo640x480bilinear,0.4640625,0.28125,0.6,0.695833333333333,0
4006639318086-01_N95-2592x1944_scaledTo640x480bilinear,0.465625,0.26875,0.578125,0.683333333333333,0
4001438012135-01_N95-2592x1944_scaledTo640x480bilinear,0.2984375,0.402083333333333,0.734375,0.479166666666667,0
4002707164333-01_N95-2592x1944_scaledTo640x480bilinear,0.3796875,0.314583333333333,0.6546875,0.46875,0
4008153403743-01_N95-2592x1944_scaledTo640x480bilinear,0.4078125,0.360416666666667,0.6828125,0.597916666666667,0
4002644601724-01_N95-2592x1944_scaledTo640x480bilinear,0.3328125,0.322916666666667,0.6890625,0.591666666666667,0
4007022072363-01_N95-2592x1944_scaledTo640x480bilinear,0.334375,0.385416666666667,0.6640625,0.502083333333333,0
4001167804148-01_N95-2592x1944_scaledTo640x480bilinear,0.375,0.397916666666667,0.665625,0.53125,0
4007680100071-01_N95-2592x1944_scaledTo640x480bilinear,0.334375,0.3875,0.725,0.54375,0
4002644601755-01_N95-2592x1944_scaledTo640x480bilinear,0.35625,0.339583333333333,0.7125,0.633333333333333,0
4006067088773-01_N95-2592x1944_scaledTo640x480bilinear,0.3296875,0.302083333333333,0.6921875,0.647916666666667,0
4005009001627-01_N95-2592x1944_scaledTo640x480bilinear,0.36875,0.34375,0.671875,0.539583333333333,0
4002448408314-01_N95-2592x1944_scaledTo640x480bilinear,0.33125,0.30625,0.6140625,0.583333333333333,0
4001419009611-01_N95-2592x1944_scaledTo640x480bilinear,0.3078125,0.302083333333333,0.7375,0.722916666666667,0
4002644601151-01_N95-2592x1944_scaledTo640x480bilinear,0.284375,0.3,0.7359375,0.625,0
4007965146008-01_N95-2592x1944_scaledTo640x480bilinear,0.3140625,0.3625,0.7265625,0.633333333333333,0
4001845525266-01_N95-2592x1944_scaledTo640x480bilinear,0.38125,0.391666666666667,0.65625,0.558333333333333,0
4006825504446-01_N95-2592x1944_scaledTo640x480bilinear,0.359375,0.339583333333333,0.6984375,0.583333333333333,0
4007552306624-01_N95-2592x1944_scaledTo640x480bilinear,0.3734375,0.379166666666667,0.675,0.585416666666667,0
4004353067273-01_N95-2592x1944_scaledTo640x480bilinear,0.371875,0.3125,0.625,0.75,0
4006067907517-01_N95-2592x1944_scaledTo640x480bilinear,0.325,0.360416666666667,0.725,0.56875,0
4008666206503-01_N95-2592x1944_scaledTo640x480bilinear,0.375,0.21875,0.5296875,0.795833333333333,0
4002644601694-01_N95-2592x1944_scaledTo640x480bilinear,0.3453125,0.327083333333333,0.7359375,0.622916666666667,0
4000870984611-01_N95-2592x1944_scaledTo640x480bilinear,0.3921875,0.389583333333333,0.7125,0.560416666666667,0
4001133584517-01_N95-2592x1944_scaledTo640x480bilinear,0.2921875,0.354166666666667,0.6921875,0.533333333333333,0
4002575075489-01_N95-2592x1944_scaledTo640x480bilinear,0.3515625,0.327083333333333,0.665625,0.5125,0
4002940199673-02_N95-2592x1944_scaledTo640x480bilinear,0.425,0.44375,0.596875,0.604166666666667,0
4006825456066-01_N95-2592x1944_scaledTo640x480bilinear,0.328125,0.339583333333333,0.6765625,0.679166666666667,0
4001845525143-01_N95-2592x1944_scaledTo640x480bilinear,0.3296875,0.34375,0.709375,0.539583333333333,0
4002644601762-01_N95-2592x1944_scaledTo640x480bilinear,0.3640625,0.314583333333333,0.7171875,0.6,0
4005941001983-01_N95-2592x1944_scaledTo640x480bilinear,0.3828125,0.358333333333333,0.7015625,0.522916666666667,0
4006000815312-01_N95-2592x1944_scaledTo640x480bilinear,0.4484375,0.225,0.6125,0.68125,0
4002448029571-01_N95-2592x1944_scaledTo640x480bilinear,0.384375,0.364583333333333,0.646875,0.602083333333333,0
4004764796281-01_N95-2592x1944_scaledTo640x480bilinear,0.3125,0.3375,0.740625,0.6,0
4006975020704-01_N95-2592x1944_scaledTo640x480bilinear,0.3234375,0.354166666666667,0.7171875,0.5125,0
4008600097532-01_N95-2592x1944_scaledTo640x480bilinear,0.315625,0.435416666666667,0.696875,0.56875,0
4007680103607-01_N95-2592x1944_scaledTo640x480bilinear,0.4171875,0.241666666666667,0.5828125,0.7125,0
4003694852128-01_N95-2592x1944_scaledTo640x480bilinear,0.325,0.445833333333333,0.7125,0.552083333333333,0
4001956211980-01_N95-2592x1944_scaledTo640x480bilinear,0.340625,0.45,0.7046875,0.572916666666667,0
4004353067280-01_N95-2592x1944_scaledTo640x480bilinear,0.7171875,0.4625,0.9078125,0.552083333333333,0
4005500219101-01_N95-2592x1944_scaledTo640x480bilinear,0.3765625,0.452083333333333,0.6578125,0.56875,0
4001499143694-01_N95-2592x1944_scaledTo640x480bilinear,0.4859375,0.320833333333333,0.6046875,0.7125,0
4006670360150-01_N95-2592x1944_scaledTo640x480bilinear,0.3296875,0.29375,0.709375,0.520833333333333,0
4006643193716-01_N95-2592x1944_scaledTo640x480bilinear,0.421875,0.441666666666667,0.66875,0.58125,0
4007141104433-01_N95-2592x1944_scaledTo640x480bilinear,0.346875,0.314583333333333,0.6953125,0.497916666666667,0
4001743020320-01_N95-2592x1944_scaledTo640x480bilinear,0.3140625,0.377083333333333,0.7421875,0.55625,0
4007764691464-02_N95-2592x1944_scaledTo640x480bilinear,0.3265625,0.35,0.71875,0.683333333333333,0
4001936011401-01_N95-2592x1944_scaledTo640x480bilinear,0.4046875,0.38125,0.6265625,0.595833333333333,0
4002859217215-01_N95-2592x1944_scaledTo640x480bilinear,0.35625,0.375,0.659375,0.558333333333333,0
4002239422604-01_N95-2592x1944_scaledTo640x480bilinear,0.3984375,0.266666666666667,0.646875,0.7125,0
4005808650507-02_N95-2592x1944_scaledTo640x480bilinear,0.3671875,0.429166666666667,0.6265625,0.504166666666667,0
4002644614038-01_N95-2592x1944_scaledTo640x480bilinear,0.3328125,0.335416666666667,0.65625,0.589583333333333,0
4002859580111-01_N95-2592x1944_scaledTo640x480bilinear,0.2640625,0.304166666666667,0.7578125,0.583333333333333,0
4002940368024-01_N95-2592x1944_scaledTo640x480bilinear,0.290625,0.2875,0.75,0.604166666666667,0
4009418149086-01_N95-2592x1944_scaledTo640x480bilinear,0.3625,0.347916666666667,0.69375,0.529166666666667,0
4010468200320-01_N95-2592x1944_scaledTo640x480bilinear,0.221875,0.425,0.7484375,0.55,0
4009017068566-01_N95-2592x1944_scaledTo640x480bilinear,0.3546875,0,0.715625,0.702083333333333,0
4011097209562-01_N95-2592x1944_scaledTo640x480bilinear,0.403125,0.4,0.628125,0.50625,0
4009071037508-01_N95-2592x1944_scaledTo640x480bilinear,0.340625,0.310416666666667,0.7140625,0.61875,0
4009418180416-01_N95-2592x1944_scaledTo640x480bilinear,0.290625,0.272916666666667,0.6953125,0.545833333333333,0
4011097192628-01_N95-2592x1944_scaledTo640x480bilinear,0.3328125,0.4,0.6734375,0.514583333333333,0
4012092269056-01_N95-2592x1944_scaledTo640x480bilinear,0.35625,0.36875,0.66875,0.56875,0
4011800109318-02_N95-2592x1944_scaledTo640x480bilinear,0.353125,0.3375,0.6984375,0.5375,0
4009290058117-01_N95-2592x1944_scaledTo640x480bilinear,0.375,0.310416666666667,0.690625,0.497916666666667,0
4013200881559-01_N95-2592x1944_scaledTo640x480bilinear,0.43125,0.28125,0.59375,0.71875,0
4009310906909-01_N95-2592x1944_scaledTo640x480bilinear,0.4359375,0.266666666666667,0.5546875,0.672916666666667,0
4012467288415-01_N95-2592x1944_scaledTo640x480bilinear,0.240625,0.30625,0.7890625,0.616666666666667,0
4010716065137-01_N95-2592x1944_scaledTo640x480bilinear,0.259375,0.402083333333333,0.6859375,0.622916666666667,0
4012092001847-01_N95-2592x1944_scaledTo640x480bilinear,0.375,0.414583333333333,0.64375,0.5375,0
4008934890021-01_N95-2592x1944_scaledTo640x480bilinear,0.3484375,0.295833333333333,0.725,0.6625,0
4013307319580-01_N95-2592x1944_scaledTo640x480bilinear,0.38125,0.44375,0.65625,0.55,0
4010439404115-01_N95-2592x1944_scaledTo640x480bilinear,0.4078125,0.3375,0.6890625,0.558333333333333,0
4013307328957-01_N95-2592x1944_scaledTo640x480bilinear,0.2484375,0.3625,0.7375,0.525,0
4009932004397-01_N95-2592x1944_scaledTo640x480bilinear,0.3828125,0.347916666666667,0.69375,0.625,0
4008695730185-01_N95-2592x1944_scaledTo640x480bilinear,0.3546875,0.379166666666667,0.696875,0.6375,0
4008789044914-01_N95-2592x1944_scaledTo640x480bilinear,0.340625,0.372916666666667,0.6625,0.7125,0
4009864012651-01_N95-2592x1944_scaledTo640x480bilinear,0.3015625,0.354166666666667,0.70625,0.522916666666667,0
4012406803662-01_N95-2592x1944_scaledTo640x480bilinear,0.34375,0.39375,0.6703125,0.5125,0
4013200254179-01_N95-2592x1944_scaledTo640x480bilinear,0.328125,0.341666666666667,0.6921875,0.552083333333333,0
4012303035104-01_N95-2592x1944_scaledTo640x480bilinear,0.371875,0.314583333333333,0.6765625,0.525,0
4012092001816-01_N95-2592x1944_scaledTo640x480bilinear,0.396875,0.427083333333333,0.6671875,0.564583333333333,0
4012895003321-01_N95-2592x1944_scaledTo640x480bilinear,0.353125,0.3875,0.6484375,0.520833333333333,0
4011200136907-01_N95-2592x1944_scaledTo640x480bilinear,0.3609375,0.316666666666667,0.684375,0.595833333333333,0
4013200105228-01_N95-2592x1944_scaledTo640x480bilinear,0.453125,0.214583333333333,0.575,0.689583333333333,0
4013307319634-01_N95-2592x1944_scaledTo640x480bilinear,0.3640625,0.43125,0.678125,0.55,0
4009078659734-01_N95-2592x1944_scaledTo640x480bilinear,0.3609375,0.427083333333333,0.7046875,0.535416666666667,0
4012406789102-01_N95-2592x1944_scaledTo640x480bilinear,0.3625,0.3875,0.646875,0.516666666666667,0
4009418149161-01_N95-2592x1944_scaledTo640x480bilinear,0.3140625,0.329166666666667,0.6765625,0.575,0
4009078659710-01_N95-2592x1944_scaledTo640x480bilinear,0.3171875,0.39375,0.6953125,0.525,0
4009049221984-01_N95-2592x1944_scaledTo640x480bilinear,0.3953125,0.366666666666667,0.6734375,0.535416666666667,0
4008912545509-01_N95-2592x1944_scaledTo640x480bilinear,0.36875,0.360416666666667,0.6375,0.614583333333333,0
4012200039250-01_N95-2592x1944_scaledTo640x480bilinear,0.4859375,0.302083333333333,0.6328125,0.795833333333333,0
4011333980309-01_N95-2592x1944_scaledTo640x480bilinear,0.29375,0.397916666666667,0.7359375,0.54375,0
4009418149062-01_N95-2592x1944_scaledTo640x480bilinear,0.3140625,0.31875,0.7203125,0.533333333333333,0
4012467028806-01_N95-2592x1944_scaledTo640x480bilinear,0.234375,0.2875,0.7625,0.616666666666667,0
4013200914431-01_N95-2592x1944_scaledTo640x480bilinear,0.3640625,0.195833333333333,0.6859375,0.760416666666667,0
4011240422879-01_N95-2592x1944_scaledTo640x480bilinear,0.30625,0.347916666666667,0.7265625,0.627083333333333,0
4013099011464-01_N95-2592x1944_scaledTo640x480bilinear,0.2,0.222916666666667,0.796875,0.777083333333333,0
4009071014271-01_N95-2592x1944_scaledTo640x480bilinear,0.3453125,0.35,0.684375,0.520833333333333,0
4008912828015-01_N95-2592x1944_scaledTo640x480bilinear,0.3484375,0.36875,0.65625,0.670833333333333,0
4009864016123-01_N95-2592x1944_scaledTo640x480bilinear,0.2890625,0.375,0.703125,0.545833333333333,0
4008913033418-01_N95-2592x1944_scaledTo640x480bilinear,0.334375,0.335416666666667,0.7078125,0.69375,0
4013307322573-01_N95-2592x1944_scaledTo640x480bilinear,0.2875,0.375,0.7609375,0.522916666666667,0
4011097378152-01_N95-2592x1944_scaledTo640x480bilinear,0.371875,0.385416666666667,0.6703125,0.514583333333333,0
4008913823408-01_N95-2592x1944_scaledTo640x480bilinear,0.3265625,0.33125,0.69375,0.6,0
4011315018129-01_N95-2592x1944_scaledTo640x480bilinear,0.2796875,0.345833333333333,0.703125,0.58125,0
4013200882013-01_N95-2592x1944_scaledTo640x480bilinear,0.4609375,0.254166666666667,0.5609375,0.729166666666667,0
4008913814413-01_N95-2592x1944_scaledTo640x480bilinear,0.296875,0.29375,0.728125,0.572916666666667,0
4013200105402-01_N95-2592x1944_scaledTo640x480bilinear,0.4609375,0.283333333333333,0.6015625,0.760416666666667,0
4009932005837-01_N95-2592x1944_scaledTo640x480bilinear,0.35,0.364583333333333,0.6953125,0.56875,0
4012092811002-01_N95-2592x1944_scaledTo640x480bilinear,0.31875,0.433333333333333,0.73125,0.68125,0
4009864067033-01_N95-2592x1944_scaledTo640x480bilinear,0.3828125,0.358333333333333,0.7328125,0.508333333333333,0
4010243016351-01_N95-2592x1944_scaledTo640x480bilinear,0.278125,0.135416666666667,0.6640625,0.839583333333333,0
4013307306092-01_N95-2592x1944_scaledTo640x480bilinear,0.36875,0.420833333333333,0.6546875,0.541666666666667,0
4009290058629-01_N95-2592x1944_scaledTo640x480bilinear,0.365625,0.377083333333333,0.6953125,0.51875,0
4011554710105-01_N95-2592x1944_scaledTo640x480bilinear,0.290625,0.425,0.703125,0.566666666666667,0
4011800201029-01_N95-2592x1944_scaledTo640x480bilinear,0.340625,0.33125,0.6546875,0.55,0
4013307326885-01_N95-2592x1944_scaledTo640x480bilinear,0.353125,0.445833333333333,0.7,0.5375,0
4011097378145-01_N95-2592x1944_scaledTo640x480bilinear,0.28125,0.322916666666667,0.709375,0.514583333333333,0
4012339031538-01_N95-2592x1944_scaledTo640x480bilinear,0.3796875,0.385416666666667,0.6828125,0.5125,0
4009803067216-01_N95-2592x1944_scaledTo640x480bilinear,0.3765625,0.34375,0.6765625,0.585416666666667,0
4009078659925-01_N95-2592x1944_scaledTo640x480bilinear,0.5015625,0.302083333333333,0.5734375,0.6875,0
4008913810415-01_N95-2592x1944_scaledTo640x480bilinear,0.3109375,0.35,0.71875,0.6125,0
4008789044983-01_N95-2592x1944_scaledTo640x480bilinear,0.3671875,0.325,0.6703125,0.604166666666667,0
4012400525133-01_N95-2592x1944_scaledTo640x480bilinear,0.3734375,0.333333333333333,0.6734375,0.504166666666667,0
4013200106249-01_N95-2592x1944_scaledTo640x480bilinear,0.4671875,0.21875,0.61875,0.760416666666667,0
4011879642938-01_N95-2592x1944_scaledTo640x480bilinear,0.340625,0.425,0.6609375,0.570833333333333,0
4008789041876-01_N95-2592x1944_scaledTo640x480bilinear,0.30625,0.289583333333333,0.7125,0.6375,0
4008913876503-01_N95-2592x1944_scaledTo640x480bilinear,0.33125,0.297916666666667,0.671875,0.61875,0
4009418108755-01_N95-2592x1944_scaledTo640x480bilinear,0.4359375,0.241666666666667,0.5515625,0.69375,0
4009390008135-01_N95-2592x1944_scaledTo640x480bilinear,0.3265625,0.402083333333333,0.6953125,0.633333333333333,0
4013099003810-01_N95-2592x1944_scaledTo640x480bilinear,0.265625,0.291666666666667,0.7375,0.65,0
4012406870305-01_N95-2592x1944_scaledTo640x480bilinear,0.434375,0.2375,0.5765625,0.633333333333333,0
4013162006656-01_N95-2592x1944_scaledTo640x480bilinear,0.34375,0.345833333333333,0.684375,0.525,0
4008789046598-01_N95-2592x1944_scaledTo640x480bilinear,0.346875,0.347916666666667,0.690625,0.633333333333333,0
4009903011119-01_N95-2592x1944_scaledTo640x480bilinear,0.35,0.30625,0.69375,0.61875,0
4009071021804-01_N95-2592x1944_scaledTo640x480bilinear,0.434375,0.25,0.6109375,0.795833333333333,0
4013200881139-01_N95-2592x1944_scaledTo640x480bilinear,0.4984375,0.316666666666667,0.5984375,0.747916666666667,0
4011800109318-01_N95-2592x1944_scaledTo640x480bilinear,0.43125,0.258333333333333,0.571875,0.697916666666667,0
4013300034749-01_N95-2592x1944_scaledTo640x480bilinear,0.3015625,0.40625,0.709375,0.585416666666667,0
4009078659918-01_N95-2592x1944_scaledTo640x480bilinear,0.2828125,0.36875,0.70625,0.5125,0
4009241144005-01_N95-2592x1944_scaledTo640x480bilinear,0.384375,0.408333333333333,0.675,0.5375,0
4008837218151-01_N95-2592x1944_scaledTo640x480bilinear,0.2890625,0.3875,0.7265625,0.577083333333333,0
4011333500354-01_N95-2592x1944_scaledTo640x480bilinear,0.284375,0.420833333333333,0.753125,0.564583333333333,0
4009418101848-01_N95-2592x1944_scaledTo640x480bilinear,0.3484375,0.435416666666667,0.6265625,0.589583333333333,0
4009233014002-01_N95-2592x1944_scaledTo640x480bilinear,0.40625,0.34375,0.6609375,0.533333333333333,0
4013200881764-01_N95-2592x1944_scaledTo640x480bilinear,0.4265625,0.264583333333333,0.5296875,0.622916666666667,0